orders,add_ms,modify_ms,delete_ms,total_ms
1000,0.28,0.211917,0.135083,0.627083
5000,1.29425,1.08458,0.661542,3.04046
10000,2.67833,2.49071,1.61417,6.78325
50000,13.9236,10.1756,5.63996,29.7392
100000,21.382,18.2411,9.96242,49.5883
250000,57.3293,50.3811,32.0635,139.774
500000,155.737,133.156,85.0809,373.974
